{
  "rmse": 0.6960450895199657,
  "mae": 0.5160405277085452,
  "r_squared": 0.8091106482383011,
  "within_half_point_percentage": 58.360737419033384,
  "within_one_point_percentage": 87.64823119083209,
  "timestamp": "2025-04-03T00:47:14.964815"
}