{
  "rmse": 0.7545948124096064,
  "mae": 0.5473615864584345,
  "r_squared": 0.7761613597227877,
  "within_half_point_percentage": 56.08426270136307,
  "within_one_point_percentage": 86.18339529120198,
  "timestamp": "2025-04-02T23:08:12.389804"
}